driverId,name,ssn,location,certified,wage-plan
10,Stephanie Ramirez,580-83-6695,"363 Spears Groves Apt. 523
South Charlenestad, GU 33092",N,miles
11,Glen Hernandez,069-51-0985,"2189 Margaret Springs
South Johnville, FL 74670",N,hours
12,Alan Wilson,060-77-3222,"40759 Smith Point
New Timothyberg, PW 11528",N,hours
13,Chase Gilbert,202-71-5296,"6712 Mccoy Tunnel
North Julie, WY 78096",Y,hours
14,Ryan King,331-66-9687,"840 Gardner Alley
South Susan, GA 23443",N,miles
15,Allison Jackson,073-54-3360,"USNV Jackson
FPO AP 44516",N,hours
16,Lori Garcia,294-35-5985,"620 Nancy Viaduct Apt. 288
Newtonberg, NJ 65257",Y,miles
17,Kayla Wright,127-72-3821,"PSC 1500, Box 2565
APO AP 35670",Y,hours
18,Troy Soto,817-56-1726,"4846 Julie Square Apt. 728
North Ruth, PA 37517",Y,miles
19,Donna Smith,482-20-3328,"5996 Kevin Hill
Lake Elizabethmouth, NM 77059",N,miles
20,Victor Bruce,102-12-5552,"785 Lawson Glen
West Tanya, ND 29437",N,miles
21,Whitney Landry,693-31-0447,"2930 Barrera Way
Port Caleb, MO 12880",Y,miles
22,Roger Blake,774-29-4163,"318 May Passage Apt. 279
North Michael, TN 58424",Y,miles
23,Nicholas Joseph,646-86-1626,"8003 Johnson Row Apt. 879
West Eric, MP 58517",Y,hours
24,Robert Martin,006-67-5868,"0473 James Wells
North Barbara, IN 91353",N,miles
25,Debra Romero,286-57-7574,"192 Kevin Locks
East Bradley, AS 44462",Y,hours
26,Melanie Ward,898-40-3989,"8908 Rebecca Drive Apt. 635
Thomastown, LA 20461",Y,hours
27,Veronica Glenn,108-70-1093,"779 Forbes Springs
Jeremyburgh, IA 94292",Y,miles
28,Lisa Wilson,092-81-5721,"291 Jenny Turnpike Apt. 178
Kennethmouth, MI 72127",Y,hours
29,Travis Cochran,301-06-1634,"USNS Hayes
FPO AE 99211",N,miles
30,Courtney Todd,169-04-1593,"528 Colon Course Suite 728
North Lisafurt, PR 98326",Y,hours
31,Gina Smith,096-26-4715,"PSC 0483, Box 4291
APO AA 84566",N,hours
32,Frank Young,672-39-6033,"344 Dixon Highway
North Sarah, MD 40588",N,hours
33,Sean Lee,028-69-2495,"069 Austin Brooks Apt. 382
Jennifermouth, VI 82402",Y,hours
34,Paige Carter,716-11-3172,"9089 Jessica Villages
Richardshire, TN 82763",N,hours
35,Philip Vargas,812-68-9753,"0747 Elizabeth Plains Apt. 394
New Jeremiahbury, PW 09072",N,miles
36,Christopher Parks,456-08-3780,"611 Garcia Plains Apt. 240
Maryland, NE 44071",Y,hours
37,Donald Peterson,834-80-6580,"60491 White Center Apt. 424
New Matthewtown, IA 30904",Y,hours
38,Sara Johnson,759-33-5295,"75130 Meagan Run
Loritown, MH 08298",N,hours
39,Tony Stokes,279-62-4817,"72150 Donald Grove Apt. 577
New Raymond, MA 94163",N,miles
40,Craig Stein,130-81-5403,"675 Rice Dam
Port Anita, GA 45252",Y,miles
41,Elizabeth Smith,563-44-2110,"7393 Kemp Island
Aprilside, NY 76141",N,miles
42,Johnny Copeland,438-96-2009,"569 Ross Landing Apt. 626
Andrewport, WA 61476",N,miles
43,Madison Steele,719-99-7960,"6973 Vasquez Gardens Apt. 562
South Jennifer, NC 83456",N,hours
44,Deborah Farmer,771-37-6696,"271 Williams Junctions
West Kevin, MT 40778",N,miles
45,Shelly Flores,442-05-0844,"1344 Collins Dam Suite 070
Davenporthaven, VA 30561",Y,miles
46,Steven Cunningham,221-47-0641,"3821 Lin Mill Suite 381
Eduardoport, MN 40441",Y,miles
47,Gregory Navarro,757-81-0056,"352 Morales Plaza Apt. 747
Port Daniel, ND 98854",Y,miles
48,Katrina Rios,297-26-8464,"6272 Elliott Haven Suite 697
West Danielle, MN 43198",N,miles
49,Alexander Bridges,160-46-2492,"00851 Douglas Drives
West Benjaminchester, AS 03832",Y,hours
50,Anthony Myers,852-87-8478,"30153 Dennis Springs
Gutierreztown, AK 97267",Y,miles
51,Denise Adams,669-73-9947,"019 Megan Shoals
Terrellmouth, GU 86069",Y,miles
52,Kristen Haney,782-31-9775,"308 Erika Valleys Apt. 719
Prestonfort, CA 51930",N,hours
53,Thomas Dennis,046-37-7574,"630 Bell Gardens Suite 281
Ericafort, WA 47593",N,hours
54,Joseph Ramos,768-97-2703,"01929 Robertson Lock Apt. 227
West Melanie, IA 50248",Y,miles
55,Tanya Bell,038-65-3705,"Unit 5185 Box 1715
DPO AP 37942",N,miles
56,Kimberly Williams,369-67-4475,"8454 Valerie Field
South Holly, AS 39750",Y,hours
57,Elizabeth Tucker,109-89-8758,"00507 Austin Ferry Apt. 846
New Jesse, OR 28878",N,hours
58,Natalie Cox,274-20-0743,"USNV Simmons
FPO AE 20991",N,hours
59,Kimberly Jennings,231-22-8913,"9964 William Plains
North Stevenhaven, MS 75607",Y,hours
60,Carrie Schwartz,094-45-7820,"519 Martinez Extension
Johnchester, OR 70761",N,hours
61,Wesley Wilson PhD,485-48-4109,"1930 Romero Burg
Lake Caitlyn, OR 15836",N,miles
62,Justin James,667-92-9408,"9513 Meredith Fields
Lake Allison, DC 26386",Y,hours
63,David Perry,149-73-7442,"Unit 2538 Box 1946
DPO AA 76115",Y,hours
64,Nicholas Perkins,822-61-4979,"05544 Robert Courts
North Patrickhaven, WV 01175",Y,hours
65,Anthony Herrera,231-04-8164,"319 Michelle Stravenue Apt. 790
Hornberg, AK 40057",Y,miles
66,Patrick Lee,262-53-9771,"793 Zachary Parkways Apt. 509
Hopkinsshire, FM 49574",Y,miles
67,James Murray,181-63-8385,"120 Gordon Circles Apt. 417
South Donna, ND 31860",N,hours
68,John Koch,519-92-1080,"5639 Gibson Camp Suite 126
Port Dustinmouth, ME 66579",Y,hours
69,Ryan White,498-08-3520,"4139 Cory Knolls Apt. 701
Justinborough, TN 56666",N,hours
70,Gary Jenkins,863-13-7211,"635 Zimmerman Hollow Suite 837
Sarahfurt, IL 38332",N,hours
71,Mrs. Stephanie Davis MD,860-86-7947,"071 Brenda Parkways
Port Justin, NY 93413",Y,hours
72,Stephanie Wells,244-99-5072,"728 Montgomery Mountain Suite 031
New Adam, MO 47308",N,miles
73,April Alvarez,562-60-9149,"828 Christopher Mills Suite 099
Burnettport, GA 25566",N,hours
74,James Green,100-39-8657,"36127 Reyes Fort
West Penny, MI 69242",Y,miles
75,Daniel Higgins,444-48-1263,"13981 Tran Points Suite 893
Lake Eduardoside, MO 94021",Y,hours
76,Nathan Dickson DDS,171-99-7887,"721 Jonathan Place Apt. 221
Lake Kristenland, NM 84833",N,hours
77,Jill Smith,837-60-0855,"37997 Sheryl Square
Allisonport, OR 80579",Y,hours
78,Jessica Rodriguez,154-84-4513,"1987 Lauren Divide Suite 638
Justinstad, TX 04085",Y,miles
79,Michael Hawkins,510-22-7323,"601 Torres Extension Suite 533
South Antonio, WV 40262",Y,miles
80,Melissa Brooks,294-07-6476,"1622 Chad Groves
Gregoryhaven, OR 00706",N,miles
81,Brandy Parsons,774-04-7542,"761 Hannah Point
East David, WI 45268",N,hours
82,Sara Sanchez,486-04-0707,"0922 Amber Springs Apt. 198
Lake Maryport, KS 50714",N,miles
83,Christina Molina,750-53-4065,"7921 Sarah Terrace Apt. 107
Port Reginachester, TN 84555",N,hours
84,Sarah Rogers,168-79-0141,"PSC 8728, Box 5652
APO AE 32508",Y,miles
85,Mark Foley,721-35-8372,"9101 Ronald Forges Apt. 596
Grantview, SD 82457",Y,hours
86,Cristina King,776-75-8241,"51434 Julie Plains
Walshburgh, MH 41153",N,miles
87,John Valdez,829-34-2611,"48099 Harris Trafficway Suite 946
Petersenfort, OH 99484",N,miles
88,Andrew Strickland,019-87-6892,"36264 Jack Points
Spearsmouth, NY 62403",N,miles
89,Heather Clark,617-96-5555,"54745 Mcdonald Lakes Suite 960
Johnsonland, NM 21573",Y,miles
90,Patricia Charles,065-33-4272,"4369 Martin Divide
New Gregoryshire, SD 81817",N,miles
91,Felicia Chen,785-29-5939,"38003 Robertson Cliffs
West Margaretland, RI 51598",Y,hours
92,Jacqueline Kemp,600-01-5379,"374 Evans Viaduct
Breannafurt, WV 80238",N,miles
93,Paul Wilcox,387-16-7675,"03340 Kyle Mall
Jenniferton, MD 07109",N,hours
94,Carl Smith,798-49-6072,"4933 Thomas Via
Christopherville, OK 64836",Y,miles
95,Robert Brown,374-73-4184,"3420 Riley Groves Apt. 410
South Scottberg, OK 09470",Y,hours
96,Shelby Franklin,390-52-2528,"3543 James Causeway Suite 012
Garyburgh, CT 65964",Y,miles
97,Aaron Barnett,369-47-2027,"PSC 3057, Box 3257
APO AP 23424",N,miles
98,Jeremy Howard,065-80-7402,"4617 Williams Lodge Apt. 446
Morrisonfurt, MA 47719",N,hours
99,Erik Tate,872-50-6552,"04286 Deborah Pine Apt. 141
Mcdonaldview, AZ 25786",N,hours
100,Tammy Rios,232-43-2828,"99291 Ashley Stravenue Suite 954
Danielfort, WA 13378",Y,miles
101,Nathan Hall,796-07-5168,"8476 Matthew Groves
South Victor, KY 78441",N,hours
102,Catherine Hicks,822-09-3947,"0094 Margaret Springs Suite 746
New Cheryl, PA 25871",Y,hours
103,Cassidy Morrison,316-91-2569,"1344 Crystal Valleys Suite 072
New Robertfurt, TN 85230",N,hours
104,Casey Garza,585-96-5067,"4322 Mary Dale
Simpsonborough, NC 64474",Y,hours
105,Jennifer Alvarez,305-32-5216,"1159 Blevins Hills Apt. 828
West Cynthiaside, WV 14253",N,miles
106,Barbara Vazquez,130-32-5695,"30560 Ruiz Summit
East Gary, PR 75348",Y,miles
107,Anna Martin,039-27-9891,"81168 Shane Summit
West Alexandrachester, AZ 04189",Y,hours
108,Katherine Mccormick,822-85-4343,"130 Miller Gateway
South Miashire, KS 06596",Y,hours
109,Michael Bishop,853-19-3019,"532 Jennings Meadows
Connormouth, MP 95800",Y,hours
